jobid,intercept,mnk,mn,mk,nk,tvalue_mnk,tvalue_mn,tvalue_mk,tvalue_nk,intercept_residual,mnk_residual,mn_residual,mk_residual,nk_residual,tvalue_mnk_residual,tvalue_mn_residual,tvalue_mk_residual,tvalue_nk_residual,avg_gflops,function,cluster,node,expfile_hash,cpu,start_time,expfile,exp_kind
1964858,0.002149034375,7.125026109678e-11,1.737502893997323e-10,2.396621531966799e-09,3.366042364157655e-09,503.5409392143884,4.107523000420072,50.82785482196121,76.21723430970958,3.881567638574468e-05,6.286047349142907e-13,4.3105773407186846e-11,3.65247533211863e-11,9.525425149302127e-11,21.045920867429725,4.8276065590620085,3.669708561753459,10.217859726500093,24.978951857348992,dgemm,dahu,5,aa23cca3ed8af2e2ae56ee83997bf4622d167476c7b010513d8609707ebc4616,0,1606771939,exp_dgemm_independent-sizes_7.csv,independent sizes
1964858,0.0020525864375,6.47714843294693e-11,1.5561969915725416e-10,2.274698567070773e-09,3.3679239361741497e-09,500.04226105553636,4.018773908065442,52.6987984377979,83.30487509945327,6.512953117397197e-05,6.448984418184872e-13,3.2990957483041053e-11,2.151848825117153e-11,6.010690186256931e-11,27.75328424846346,4.749240012525671,2.779001697018327,8.287674427358425,27.265599776558037,dgemm,dahu,5,aa23cca3ed8af2e2ae56ee83997bf4622d167476c7b010513d8609707ebc4616,1,1606771939,exp_dgemm_independent-sizes_7.csv,independent sizes
1964858,0.00216975378125,7.265031446169033e-11,1.689063977788454e-10,2.3743593720090376e-09,3.4265821939527223e-09,570.3900256441698,4.435950239948328,55.941598879318676,86.19475909752144,3.400756364899649e-05,5.312110084319448e-13,3.161407724909535e-11,3.5918212185944236e-11,7.592274095416138e-11,20.914939161178378,4.163668944281972,4.243832646362863,9.577379580295206,24.539316159102363,dgemm,dahu,6,aa23cca3ed8af2e2ae56ee83997bf4622d167476c7b010513d8609707ebc4616,0,1606771939,exp_dgemm_independent-sizes_7.csv,independent sizes
1964858,0.00199745396875,6.423608219544023e-11,1.419387103167572e-10,2.2894939772399014e-09,3.1634775386523045e-09,422.62199612118786,3.1237771840503132,45.20292682793214,66.68422212446579,5.378783926096009e-05,6.580587785589101e-13,5.741437879300838e-12,3.824671509044474e-11,3.409479954606462e-11,20.811082963224955,0.6073748511660676,3.62976185785111,3.4546449329963815,27.570261598742054,dgemm,dahu,6,aa23cca3ed8af2e2ae56ee83997bf4622d167476c7b010513d8609707ebc4616,1,1606771939,exp_dgemm_independent-sizes_7.csv,independent sizes
1964858,0.0021219366562499997,6.853263639536408e-11,1.2650978159533306e-10,2.344957688615642e-09,3.330014857595747e-09,471.74152508525486,2.912976060461615,48.43905669052571,73.44092213541079,4.880535583595496e-05,7.092835476539568e-13,2.74330277183881e-11,3.230640015744511e-11,5.9080427102212e-11,24.147028557545475,3.1240911295884883,3.300550454914946,6.444255015588487,25.92474743722667,dgemm,dahu,7,aa23cca3ed8af2e2ae56ee83997bf4622d167476c7b010513d8609707ebc4616,0,1606771939,exp_dgemm_independent-sizes_7.csv,independent sizes
1964858,0.0020135212187499998,6.270325898640177e-11,1.7538833318300077e-10,2.201634221848311e-09,3.3148306911642474e-09,530.1789018545154,4.960656668255448,55.863931075026024,89.8005426715138,6.894248357250211e-05,4.46107573422289e-13,1.166041611705015e-11,3.8062680724662954e-11,4.82911203410103e-11,22.595672698997546,1.9756311725798226,5.785475378336109,7.836790601467808,28.114323045670652,dgemm,dahu,7,aa23cca3ed8af2e2ae56ee83997bf4622d167476c7b010513d8609707ebc4616,1,1606771939,exp_dgemm_independent-sizes_7.csv,independent sizes
1964858,0.002171440375,7.094361552813113e-11,1.6134024545035625e-10,2.429415910290261e-09,3.336766290400087e-09,474.02177797990714,3.606067338220553,48.71254802411224,71.4325327466513,4.7876315466646025e-05,6.43405676864695e-13,2.484197981094256e-11,3.221025015199505e-11,6.8997559801051e-11,19.984324256147048,2.5810530187529426,3.0022902472185624,6.8663129449202485,25.080945435725923,dgemm,dahu,8,aa23cca3ed8af2e2ae56ee83997bf4622d167476c7b010513d8609707ebc4616,0,1606771939,exp_dgemm_independent-sizes_7.csv,independent sizes
1964858,0.0020510973125,6.610039092856323e-11,1.297049670286354e-10,2.3631911223235144e-09,3.1880524091371776e-09,433.56574400493855,2.8458609919855773,46.516151713190936,66.99797370282249,4.6707068519314814e-05,8.386439148490938e-13,3.6695263518279667e-11,4.117126103949265e-11,8.384696097348286e-11,29.402083508713662,4.303448988449267,4.331603284919553,9.418312913949167,26.84035386378259,dgemm,dahu,8,aa23cca3ed8af2e2ae56ee83997bf4622d167476c7b010513d8609707ebc4616,1,1606771939,exp_dgemm_independent-sizes_7.csv,independent sizes
1964859,0.0,7.051430548832946e-11,2.6057895140925253e-10,2.4289448939376256e-09,3.2983238547621026e-09,503.56314448698413,6.371167229373032,58.67654114679702,65.0109939733829,0.0,6.647937146585419e-13,1.676114153377828e-11,1.872499601179295e-11,5.1413186241109846e-11,23.7464179014565,2.049829615696882,2.262575472510276,5.068769326192666,25.503507286163757,dgemm,dahu,5,f1604f7acddf606843a06694854ceacde6622feb6cf5bcfba7270d580b81fb2d,0,1606773812,exp_dgemm_independent-sizes_3.csv,independent sizes
1964859,0.0,6.528791616855278e-11,2.4399834528181553e-10,2.3368639179517658e-09,3.1941542979070985e-09,526.5521639218093,6.737494818119772,63.75469271412859,71.10191413522521,0.0,5.999897567647205e-13,1.3843096441497464e-11,2.5461119179610038e-11,4.6272904549766015e-11,24.08992269227025,1.9029517782686778,3.45811314929206,5.1278479331010764,27.435178219973075,dgemm,dahu,5,f1604f7acddf606843a06694854ceacde6622feb6cf5bcfba7270d580b81fb2d,1,1606773812,exp_dgemm_independent-sizes_3.csv,independent sizes
1964859,0.0,7.245344652905053e-11,2.9353647138992274e-10,2.4280104599189398e-09,3.3745454236596703e-09,612.190842646603,8.491664310147966,69.39824253499856,78.69730580199952,0.0,5.716669563838427e-13,2.0451662738296884e-11,3.1710892495345217e-11,8.455020493653637e-11,24.499952699796506,3.000915362767386,4.597277937623755,10.001234886036471,24.845006780552264,dgemm,dahu,6,f1604f7acddf606843a06694854ceacde6622feb6cf5bcfba7270d580b81fb2d,0,1606773812,exp_dgemm_independent-sizes_3.csv,independent sizes
1964859,0.0,6.444799672335297e-11,2.0926099207078517e-10,2.3075733618493982e-09,3.1104948670648245e-09,459.3819235738987,5.106880878773101,55.64038618119497,61.19427232509038,0.0,6.499579400126996e-13,1.2416408837159734e-11,2.2226673672564008e-11,2.926971333287069e-11,20.690629620267714,1.3532792588439044,2.39349798137346,2.5717202723550434,27.83643885965492,dgemm,dahu,6,f1604f7acddf606843a06694854ceacde6622feb6cf5bcfba7270d580b81fb2d,1,1606773812,exp_dgemm_independent-sizes_3.csv,independent sizes
1964859,0.0,6.839253646470968e-11,2.442554227749785e-10,2.3861437717488904e-09,3.221141436027395e-09,516.5138104190488,6.315684259798148,60.95930040428262,67.1428587488889,0.0,6.436605077652206e-13,2.5421785717967618e-11,2.6574561135306396e-11,7.540381983078395e-11,25.419067892177193,3.437255215973037,3.5500870140803014,8.218885136842651,26.278638228842556,dgemm,dahu,7,f1604f7acddf606843a06694854ceacde6622feb6cf5bcfba7270d580b81fb2d,0,1606773812,exp_dgemm_independent-sizes_3.csv,independent sizes
1964859,0.0,6.2998414979978e-11,2.516503831913912e-10,2.2859941063994244e-09,3.2592685295308127e-09,542.2747541185614,7.416351884542785,66.563325145074,77.43311184453545,0.0,4.2716230409371325e-13,2.1867318173022852e-11,4.2147289463850986e-11,4.205750995809677e-11,19.841978041520434,3.4776873587598014,6.622650453928081,5.392031331075378,28.322259785408445,dgemm,dahu,7,f1604f7acddf606843a06694854ceacde6622feb6cf5bcfba7270d580b81fb2d,1,1606773812,exp_dgemm_independent-sizes_3.csv,independent sizes
1964859,0.0,7.078373342331934e-11,2.5761263708301775e-10,2.462692665322662e-09,3.293948173397097e-09,484.70880904551063,6.039730759591384,57.04634228114958,62.255971601618036,0.0,7.038543909369598e-13,1.5348551367830676e-11,2.128708774548625e-11,5.570547586162909e-11,22.96683425697804,1.7147020710841672,2.3496582574848253,5.016871841405331,25.40479988120062,dgemm,dahu,8,f1604f7acddf606843a06694854ceacde6622feb6cf5bcfba7270d580b81fb2d,0,1606773812,exp_dgemm_independent-sizes_3.csv,independent sizes
1964859,0.0,6.618405379353342e-11,2.6341915298053073e-10,2.388914234409492e-09,3.1541091741343076e-09,483.7833971972016,6.592466216522748,59.07017982937146,63.634278382995866,0.0,7.517310441935919e-13,1.4280593518503476e-11,2.4074800734992282e-11,7.008688319023552e-11,27.819870320787295,1.8094302292949438,3.0138765264425342,7.158897907291079,27.082379890781905,dgemm,dahu,8,f1604f7acddf606843a06694854ceacde6622feb6cf5bcfba7270d580b81fb2d,1,1606773812,exp_dgemm_independent-sizes_3.csv,independent sizes
1964860,0.00218721655,7.336129144822942e-11,-5.527512226860952e-10,2.3798225759428897e-09,2.298403779572806e-09,514.607539232022,-8.01591169107372,34.511814404461674,33.33109176666348,4.8656766008128506e-05,4.30945196143601e-13,3.568800700836989e-11,-2.4950637826204773e-11,1.0285052065008145e-10,14.45481729628187,2.4747247056564246,-1.7301599340056557,7.131996033925029,25.805349196868367,dgemm,dahu,5,4efd9c1925e3bdd89368aa3298e7d9382a6a042343730926444158451b5c8ad5,0,1606775744,exp_dgemm_uniform-product_5.csv,uniform product
1964860,0.002049049225,6.6891946001332e-11,-4.3181296922101194e-10,2.32938617515048e-09,2.2176158435978962e-09,482.3152303300214,-6.436753282641114,34.722634978952094,33.05654780741383,5.969263517647795e-05,4.517134063747097e-13,2.3806288295404497e-11,3.302612551243086e-12,7.881791282107625e-11,15.635897731950363,1.7035918954971845,0.23633688319867516,5.640255878439854,28.17468707448412,dgemm,dahu,5,4efd9c1925e3bdd89368aa3298e7d9382a6a042343730926444158451b5c8ad5,1,1606775744,exp_dgemm_uniform-product_5.csv,uniform product
1964860,0.0022031917499999998,7.473998170775813e-11,-4.823695811785918e-10,2.4035489851196607e-09,2.4373965423696993e-09,569.7739734513857,-7.602274880154377,37.880581167970824,38.41402781194834,4.0229514585155707e-05,4.588437849257465e-13,4.2115323193458385e-11,1.8413630296464717e-11,1.3238656727749993e-10,16.50522260430979,3.1319203300799776,1.3693358783254477,9.844972092017677,25.289642292513186,dgemm,dahu,6,4efd9c1925e3bdd89368aa3298e7d9382a6a042343730926444158451b5c8ad5,0,1606775744,exp_dgemm_uniform-product_5.csv,uniform product
1964860,0.0020258323125000002,6.622863805479303e-11,-5.286581183215629e-10,2.3469194245669617e-09,2.1574553595111538e-09,442.0020839632089,-7.294028136531821,32.38103364668647,29.76695060608864,7.087788628051426e-05,7.150179215083829e-13,5.5154847031595144e-11,-6.329419455498018e-11,8.308786977241976e-11,18.534232748623747,2.9556663369071665,-3.391841882194724,4.452555539696962,28.491801485272614,dgemm,dahu,6,4efd9c1925e3bdd89368aa3298e7d9382a6a042343730926444158451b5c8ad5,1,1606775744,exp_dgemm_uniform-product_5.csv,uniform product
1964860,0.0021221613999999997,7.08777878096574e-11,-5.194205235763448e-10,2.484661306567819e-09,2.0323293746709558e-09,454.5687079256448,-6.886880117614753,32.94356648326303,26.946198942038194,5.3730767513749234e-05,5.843459546712837e-13,-2.5071815907962106e-11,-1.8560160153101852e-11,8.496838682614602e-11,17.33739109155296,-1.5378484174740639,-1.1384381978669715,5.211768453294045,26.712551751930597,dgemm,dahu,7,4efd9c1925e3bdd89368aa3298e7d9382a6a042343730926444158451b5c8ad5,0,1606775744,exp_dgemm_uniform-product_5.csv,uniform product
1964860,0.0020034871124999997,6.486013109445883e-11,-4.862651694472328e-10,2.2844737217160152e-09,2.280335318340064e-09,502.9523555069784,-7.795360832891057,36.62260448199005,36.55626136384267,6.67738003336728e-05,4.4610315643243244e-13,7.341816685988125e-12,5.358432055168159e-12,2.8123279037918336e-11,17.707817448947676,0.6024864892332543,0.43972535065804247,2.3078614432882882,29.03008752516502,dgemm,dahu,7,4efd9c1925e3bdd89368aa3298e7d9382a6a042343730926444158451b5c8ad5,1,1606775744,exp_dgemm_uniform-product_5.csv,uniform product
1964860,0.002177035325,7.294750342305504e-11,-5.036052174027466e-10,2.4621609827296906e-09,2.2603160832548914e-09,501.7640011965923,-7.1613240043533475,35.01221182564378,32.14195418371554,5.210154672635861e-05,4.754125142657016e-13,2.0979784144715173e-11,-6.4297871011256964e-12,1.080836761584911e-10,16.664206952744532,1.5202992883055768,-0.46593428637635215,7.832279627271411,25.92288484804604,dgemm,dahu,8,4efd9c1925e3bdd89368aa3298e7d9382a6a042343730926444158451b5c8ad5,0,1606775744,exp_dgemm_uniform-product_5.csv,uniform product
1964860,0.0020625439375,6.8379941586699e-11,-5.914603281624968e-10,2.5674196484977868e-09,1.8860367223999993e-09,394.3774461964946,-7.052173695567316,30.61217878613896,22.487828733847163,5.9300425619935595e-05,6.989847226439016e-13,2.3209910755640297e-12,-1.9212244104367892e-11,6.639366105503794e-11,18.26097279378742,0.1253555976935715,-1.0376439479210704,3.5858893005851518,27.685851478164174,dgemm,dahu,8,4efd9c1925e3bdd89368aa3298e7d9382a6a042343730926444158451b5c8ad5,1,1606775744,exp_dgemm_uniform-product_5.csv,uniform product
1964861,0.00488334065,7.064221412572832e-11,-4.910298401164361e-10,2.5426097881796086e-09,2.5806371732794675e-09,504.3327379623358,-7.062401747921077,36.56994004287571,37.11688169296855,6.94944176907265e-05,4.982634647943568e-13,2.300355952167068e-11,-2.9680130903296097e-12,6.909010256079884e-11,18.58879222308012,1.728935725705051,-0.22307434036010576,5.192776643869404,26.393462912178652,dgemm,dahu,5,351c4db7dc681beb08b460b1241a1200150aafd90e5628dfbb39e04de8706cfa,0,1606777752,exp_dgemm_uniform-product_8.csv,uniform product
1964861,0.0046296354875,6.597020789629035e-11,-3.6093142374439634e-10,2.3721224878984012e-09,2.543079901796503e-09,540.8902392021314,-5.961803562434428,39.18231378185196,42.00615912241189,6.397983991933369e-05,4.048497628130155e-13,4.2463801303338826e-11,-4.992213945995483e-12,8.721398839453328e-11,18.48789968843808,3.9066475507574734,-0.45928107673787333,8.023641400340308,28.171937309064074,dgemm,dahu,5,351c4db7dc681beb08b460b1241a1200150aafd90e5628dfbb39e04de8706cfa,1,1606777752,exp_dgemm_uniform-product_8.csv,uniform product
1964861,0.0049712145875,7.288966377859827e-11,-3.4656957963184586e-10,2.3600916747079887e-09,2.6968010093529448e-09,610.7676727663174,-5.850489589015328,39.84103794299686,45.525075356081956,6.995229662224842e-05,3.4109214288365936e-13,2.854727767072553e-11,7.758209990963086e-12,8.434156372913608e-11,15.59308155621042,2.629157541194027,0.7145184398729759,7.7677199511724595,25.605086218975245,dgemm,dahu,6,351c4db7dc681beb08b460b1241a1200150aafd90e5628dfbb39e04de8706cfa,0,1606777752,exp_dgemm_uniform-product_8.csv,uniform product
1964861,0.004600818925,6.520807331939182e-11,-3.808965449498344e-10,2.458078578689961e-09,2.4172021624999218e-09,460.7752050238125,-5.422336203016591,34.99251606192848,34.4106108850621,5.520439891773468e-05,5.126071690268548e-13,4.933982397801726e-11,-2.5094591754893578e-11,1.033058493340511e-11,15.961690979232886,3.0951627824098633,-1.5742222038352178,0.6480534267946632,28.504188549984654,dgemm,dahu,6,351c4db7dc681beb08b460b1241a1200150aafd90e5628dfbb39e04de8706cfa,1,1606777752,exp_dgemm_uniform-product_8.csv,uniform product
1964861,0.0047922709375,6.881107444408726e-11,-4.628364983201081e-10,2.525264916440795e-09,2.481188495800576e-09,517.15582076342,-7.007810559798034,38.23505322495539,37.56769184113685,7.109767446530931e-05,4.0446877608350713e-13,1.2452361547164562e-11,4.0051979493850043e-11,7.179968052656443e-11,15.068383907177006,0.9345984861936605,3.006057867998162,5.388847125515345,27.08509790263659,dgemm,dahu,7,351c4db7dc681beb08b460b1241a1200150aafd90e5628dfbb39e04de8706cfa,0,1606777752,exp_dgemm_uniform-product_8.csv,uniform product
1964861,0.0045291161875,6.372551919351932e-11,-3.3318761728314824e-10,2.28658695353522e-09,2.6310635299892157e-09,618.4975294303875,-6.514860418904475,44.70992937684848,51.445524269238135,5.7484794063294834e-05,2.546441695784352e-13,2.6483483286948776e-11,4.0235711013818085e-11,4.4779835013414854e-11,15.797016039406671,3.309848412818324,5.028572064888897,5.596486845763924,29.089950423094358,dgemm,dahu,7,351c4db7dc681beb08b460b1241a1200150aafd90e5628dfbb39e04de8706cfa,1,1606777752,exp_dgemm_uniform-product_8.csv,uniform product
1964861,0.004901710587499999,7.11809131189368e-11,-4.6323593581172023e-10,2.594024673290518e-09,2.5086506503651918e-09,470.19542739423736,-6.164654835373079,34.520781979610994,33.3846408848584,7.215206794041547e-05,4.1022878361631515e-13,2.2017020412524853e-11,-7.438954470752396e-12,6.240692386473254e-11,13.427635203485924,1.451856274205654,-0.4905428854373089,4.11526547503873,26.203269848868594,dgemm,dahu,8,351c4db7dc681beb08b460b1241a1200150aafd90e5628dfbb39e04de8706cfa,0,1606777752,exp_dgemm_uniform-product_8.csv,uniform product
1964861,0.0046780341875,6.727029926116001e-11,-4.558714623346881e-10,2.5591277225976174e-09,2.2441865887782065e-09,457.39022414475033,-6.244499001377861,35.05477273422044,30.740728627234272,6.713294037010936e-05,4.957640616360044e-13,3.3260787123912566e-11,2.5954716922907543e-11,4.821210331014925e-11,17.12619953223915,2.314782321918761,1.8063168402998626,3.355318201853984,27.745005553534103,dgemm,dahu,8,351c4db7dc681beb08b460b1241a1200150aafd90e5628dfbb39e04de8706cfa,1,1606777752,exp_dgemm_uniform-product_8.csv,uniform product
1964862,0.00046499328125,7.053697136120591e-11,1.3286080204312013e-10,2.3515858520727157e-09,3.4611494926351507e-09,574.9307290957714,3.4593303941143656,65.90841168824454,85.50390171904228,1.9585130458033993e-05,7.444329237075476e-13,3.2150066053455616e-11,3.1237834351835913e-11,5.501254088674674e-11,29.813009224173562,4.112998692601857,4.3017231221755825,6.677421771694785,25.161672447333103,dgemm,dahu,5,d537007fcc4f5f26f6234c1b88948a6f845082122a8309bc6561ebaafa408da1,0,1606779684,exp_dgemm_independent-sizes_5.csv,independent sizes
1964862,0.00044750890625,6.505649916378704e-11,1.3404184398868116e-10,2.2843389978564596e-09,3.269050786341191e-09,546.0449253038955,3.59397076072785,65.92946235651874,83.16224714092515,2.1366915667654003e-05,6.332954344318975e-13,2.548967938327414e-11,2.837600525797808e-11,5.7856221814691327e-11,23.62395264718907,3.0374353209187777,3.6398103557704924,6.541286002590146,27.167651920702244,dgemm,dahu,5,d537007fcc4f5f26f6234c1b88948a6f845082122a8309bc6561ebaafa408da1,1,1606779684,exp_dgemm_independent-sizes_5.csv,independent sizes
1964862,0.00044980359375000004,7.240798353190031e-11,1.756881292470454e-10,2.3524782980641045e-09,3.467855360856908e-09,615.335213869922,4.769404907584902,68.74359431402941,89.32091303235593,1.81185197932246e-05,5.190340007908539e-13,3.728342669661807e-11,3.114340813843964e-11,7.053311436717759e-11,18.27297445797772,4.193008276476591,3.7701694502194676,7.5261585184528395,24.561067592124754,dgemm,dahu,6,d537007fcc4f5f26f6234c1b88948a6f845082122a8309bc6561ebaafa408da1,0,1606779684,exp_dgemm_independent-sizes_5.csv,independent sizes
1964862,0.00044490984374999994,6.42758125289799e-11,9.755308292793359e-11,2.288842923663615e-09,3.206734558416249e-09,504.2162657824655,2.4445939622129735,61.739990699650505,76.2428550176119,1.7159822223665397e-05,8.639924028591768e-13,2.0587114961969042e-11,4.24100936077679e-11,4.05257530763139e-11,29.840993097353525,2.271408767962257,5.036790341549593,4.242299293536021,27.51348669045188,dgemm,dahu,6,d537007fcc4f5f26f6234c1b88948a6f845082122a8309bc6561ebaafa408da1,1,1606779684,exp_dgemm_independent-sizes_5.csv,independent sizes
1964862,0.0004598384687499999,6.837360753158329e-11,1.3281644154265092e-10,2.3183892787604004e-09,3.3491439842006744e-09,573.8569267693895,3.5609299748664567,66.90873009591253,85.19533490799085,1.4504913680207206e-05,6.26144556590631e-13,3.2953418111959344e-11,3.5411425770560086e-11,5.722021703522706e-11,24.133092459036597,4.05728294877083,4.693135296894308,6.684281484735795,25.937014034645262,dgemm,dahu,7,d537007fcc4f5f26f6234c1b88948a6f845082122a8309bc6561ebaafa408da1,0,1606779684,exp_dgemm_independent-sizes_5.csv,independent sizes
1964862,0.00043460603125,6.289162700587478e-11,1.592948783919305e-10,2.185920661119027e-09,3.3151834087837167e-09,634.419604667193,5.133127329994758,75.82273641989619,101.35803616399787,2.4101070028822617e-05,4.038681674847601e-13,1.1492685486858381e-11,4.45086486783261e-11,3.549188956919497e-11,22.557963266480176,2.05058720308748,8.548422214510465,6.008364135253398,28.014702650915137,dgemm,dahu,7,d537007fcc4f5f26f6234c1b88948a6f845082122a8309bc6561ebaafa408da1,1,1606779684,exp_dgemm_independent-sizes_5.csv,independent sizes
1964862,0.00045552040624999995,7.080369461469631e-11,1.20952459025188e-10,2.406259675850511e-09,3.3283841337127282e-09,512.713363698895,2.7978851227461736,59.915957536426646,73.04979851316698,1.7430252797199858e-05,8.763308868445174e-13,3.849770763310505e-11,4.3818894548641027e-11,8.84819855199266e-11,30.3116529113259,4.253758501323804,5.211757637534268,9.276053017251009,25.115758758869593,dgemm,dahu,8,d537007fcc4f5f26f6234c1b88948a6f845082122a8309bc6561ebaafa408da1,0,1606779684,exp_dgemm_independent-sizes_5.csv,independent sizes
1964862,0.000449707875,6.595868364617634e-11,1.3373264200488644e-10,2.3419101263399195e-09,3.2927942623981427e-09,514.2565751238127,3.330747861116441,62.785505025276514,77.81070173175515,2.2792152120768203e-05,7.73471060252888e-13,2.0230622283483344e-11,3.0601750158680867e-11,3.585465855665782e-11,25.991687667567735,2.171681401072823,3.53604651843587,3.6517653535922294,26.794077765517894,dgemm,dahu,8,d537007fcc4f5f26f6234c1b88948a6f845082122a8309bc6561ebaafa408da1,1,1606779684,exp_dgemm_independent-sizes_5.csv,independent sizes
1964863,0.04182033912990196,7.116439862074061e-11,-2.0678480828340996e-09,8.503292455699723e-10,8.234147414454396e-10,172.71260505689258,-8.967044657154766,3.6873793493863736,3.57066692625755,0.0003669283287439441,3.4861983898772254e-13,2.5854371836467656e-12,-2.077888575169613e-11,6.097190156080594e-11,13.578307310831134,0.17992726484371946,-1.4460564361998496,4.243192427782134,25.90507672820376,dgemm,dahu,5,b3bb5b1025201570ab0fd4aeca9486fe420cbf646389a11d64d990ce195876a2,0,1606781552,exp_dgemm_uniform-product_6.csv,uniform product
1964863,0.0383145774877451,6.515451656622952e-11,-1.9481706115398086e-09,9.119633789359682e-10,5.899311422418344e-10,171.18346611179857,-9.145632130345856,4.281186427252054,2.7694151514349055,0.0004445878244185842,3.281825201204456e-13,5.776459512929841e-12,9.861223631710758e-12,1.0729543813914933e-10,11.834137538481134,0.3721794180178948,0.6353622775299104,6.913084672924399,28.320691419509572,dgemm,dahu,5,b3bb5b1025201570ab0fd4aeca9486fe420cbf646389a11d64d990ce195876a2,1,1606781552,exp_dgemm_uniform-product_6.csv,uniform product
1964863,0.04238295340686275,7.244168569475037e-11,-2.0991433133991837e-09,8.058553691197539e-10,7.803080841641814e-10,173.1074622714608,-8.96269843088707,3.4407553816017344,3.3316763066652286,0.00038453695225295226,3.1398638051843467e-13,7.668585201608277e-12,1.9288931489871612e-11,6.23087302558392e-11,12.304400287108548,0.536950609570119,1.3506016102254017,4.362827016044151,25.48980070776539,dgemm,dahu,6,b3bb5b1025201570ab0fd4aeca9486fe420cbf646389a11d64d990ce195876a2,0,1606781552,exp_dgemm_uniform-product_6.csv,uniform product
1964863,0.037744406838235295,6.463842190416552e-11,-2.0899879211221673e-09,1.0213115706132107e-09,3.639056308565356e-10,168.51690326266734,-9.735672426968689,4.7575178769571025,1.6951610009527547,0.0004669748529073893,4.5155029638811737e-13,2.8734043234409487e-11,-2.524401166163882e-11,8.628433925961967e-11,11.927083634496526,1.3561081491520963,-1.1913955043627011,4.072204341714497,28.649866152490926,dgemm,dahu,6,b3bb5b1025201570ab0fd4aeca9486fe420cbf646389a11d64d990ce195876a2,1,1606781552,exp_dgemm_uniform-product_6.csv,uniform product
1964863,0.04007951767156863,6.888987427447747e-11,-2.1621884752609328e-09,9.917946819299043e-10,2.562698250045672e-10,173.47469488064195,-9.728451995727145,4.462435658671314,1.1530487369790736,0.0005732007658832059,3.106964862816906e-13,8.098515656694861e-11,3.71703056730369e-11,1.6169172195556674e-10,9.269903885692772,4.3173153052524915,1.9815474388871974,8.619778926454458,26.934002685196745,dgemm,dahu,7,b3bb5b1025201570ab0fd4aeca9486fe420cbf646389a11d64d990ce195876a2,0,1606781552,exp_dgemm_uniform-product_6.csv,uniform product
1964863,0.03720200904411764,6.285185178951281e-11,-1.847104184309695e-09,8.396594904089221e-10,8.745660102162399e-10,171.41950515111955,-9.001253719767178,4.091803903419619,4.26190932786116,0.00037501139719084376,3.016584405437033e-13,1.8056194010246723e-11,3.4798855059443774e-12,3.9733573201568654e-11,15.396519626100794,1.6466554761187426,0.3173521796109263,3.62354911898922,29.244852801883944,dgemm,dahu,7,b3bb5b1025201570ab0fd4aeca9486fe420cbf646389a11d64d990ce195876a2,1,1606781552,exp_dgemm_uniform-product_6.csv,uniform product
1964863,0.04141680367647058,7.074809315849709e-11,-2.147986529288461e-09,9.643270158969783e-10,6.116981511327954e-10,171.12223873347156,-9.283093392390157,4.167594920784704,2.6436157710910613,0.000417249946056835,3.530265441101021e-13,4.465641152623157e-11,-1.2148839631929424e-11,9.662698508720217e-11,13.109867135467852,2.963085629873583,-0.8061116176310578,6.411487649465841,26.116425365683376,dgemm,dahu,8,b3bb5b1025201570ab0fd4aeca9486fe420cbf646389a11d64d990ce195876a2,0,1606781552,exp_dgemm_uniform-product_6.csv,uniform product
1964863,0.03893216468137255,6.613776305040882e-11,-1.9846501011144937e-09,1.1345460125788305e-09,4.97189622182382e-10,166.74806541399226,-8.940559642085228,5.11096454052776,2.239766832476516,0.0004244770008014124,4.976374648826708e-13,-4.3340735996908045e-12,-2.004894323611929e-11,2.4384009084653177e-11,15.451049729328986,-0.24044217913323498,-1.1122588230515882,1.3527560493520172,27.86786484556772,dgemm,dahu,8,b3bb5b1025201570ab0fd4aeca9486fe420cbf646389a11d64d990ce195876a2,1,1606781552,exp_dgemm_uniform-product_6.csv,uniform product
1964865,0.0054060469625,7.282717433972329e-11,-4.1915406781028736e-10,2.3775435955353555e-09,2.52162086385777e-09,540.5629079635655,-6.261001065932261,35.51391750463631,37.66603291951409,6.819643310828854e-05,4.0101212810628357e-13,4.609735683945093e-11,-1.8316249554356808e-11,1.4722293879749324e-10,15.975572151744377,3.69566202922995,-1.4684284010402429,11.80298095269319,25.76260863381583,dgemm,dahu,5,8f40119f61a9d7274ce81dee660b80dc88b96a1156e48030123923857ca34da5,0,1606785230,exp_dgemm_uniform-product_7.csv,uniform product
1964865,0.0050382968625000005,6.654164817053709e-11,-3.4975900612698876e-10,2.321046950617787e-09,2.36885261898184e-09,494.56140001149384,-5.2313391893650785,34.71585766318943,35.43088618856172,5.464262514804842e-05,4.0249537909571983e-13,7.77766469985221e-12,-1.2016725830113295e-11,7.328512992506717e-11,18.019621039874306,0.7007309198121621,-1.082650341589791,6.6026446861256325,28.106763647046726,dgemm,dahu,5,8f40119f61a9d7274ce81dee660b80dc88b96a1156e48030123923857ca34da5,1,1606785230,exp_dgemm_uniform-product_7.csv,uniform product
1964865,0.005488087475,7.440004160647038e-11,-3.939296484239488e-10,2.3836638584703787e-09,2.4562469845542268e-09,558.4551704109934,-5.950467894465264,36.006214098818965,37.10261180122557,6.54894897003279e-05,3.9810827589783107e-13,3.146900482331019e-11,-1.6199773286383626e-14,1.1249995559094191e-10,16.316133350034118,2.5954720676464413,-0.0013361102234751546,9.278669407793513,25.26248338508996,dgemm,dahu,6,8f40119f61a9d7274ce81dee660b80dc88b96a1156e48030123923857ca34da5,0,1606785230,exp_dgemm_uniform-product_7.csv,uniform product
1964865,0.0049720875500000004,6.600471207207665e-11,-3.7088470889277735e-10,2.4239587486022715e-09,2.2337810250787116e-09,440.94222418306254,-4.986122979691514,32.587367794999,30.030644655031587,8.159826791371278e-05,5.089511579811049e-13,2.678320307027769e-11,-4.037175822975256e-11,4.46219186572688e-11,16.647414435522627,1.7629926788350883,-2.65745340480727,2.9372183641336247,28.34372997566173,dgemm,dahu,6,8f40119f61a9d7274ce81dee660b80dc88b96a1156e48030123923857ca34da5,1,1606785230,exp_dgemm_uniform-product_7.csv,uniform product
1964865,0.005240422524999999,7.028679979674895e-11,-3.8370184974110736e-10,2.4509536197635286e-09,2.2882512108136207e-09,464.91662033287616,-5.107548566954718,32.625239249542645,30.45946794499229,6.657416186780393e-05,5.032756418378532e-13,2.876207827768242e-12,-8.10162868156101e-12,8.278543988521169e-11,18.592876258216663,0.2138347294866075,-0.6023241995230856,6.1547715614903975,26.68796179733574,dgemm,dahu,7,8f40119f61a9d7274ce81dee660b80dc88b96a1156e48030123923857ca34da5,0,1606785230,exp_dgemm_uniform-product_7.csv,uniform product
1964865,0.00490011935,6.436233831023307e-11,-3.196466329027057e-10,2.1896298338750524e-09,2.4917458255001735e-09,554.4264100582158,-5.541145320515191,37.95771911456445,43.19496687795916,7.089149372056016e-05,3.060185202985926e-13,9.502044101028071e-12,1.240312426787891e-11,4.4769934248905966e-11,18.19150881540838,1.1367248708761837,1.4837796669813903,5.355805254862658,28.997538899573232,dgemm,dahu,7,8f40119f61a9d7274ce81dee660b80dc88b96a1156e48030123923857ca34da5,1,1606785230,exp_dgemm_uniform-product_7.csv,uniform product
1964865,0.005391313524999999,7.234373740023711e-11,-3.6051770220394623e-10,2.440500252697625e-09,2.517142015317369e-09,533.9478975221384,-5.354782604390751,36.248839430812914,37.387202331544714,6.757528767888099e-05,5.647117464042712e-13,3.921508302213748e-12,-4.553061392359527e-11,1.2839672346361136e-10,22.624143963101066,0.31616645014431205,-3.6708458755494604,10.351816989583979,25.89612184674148,dgemm,dahu,8,8f40119f61a9d7274ce81dee660b80dc88b96a1156e48030123923857ca34da5,0,1606785230,exp_dgemm_uniform-product_7.csv,uniform product
1964865,0.005123735250000001,6.794040921152295e-11,-3.8289971538807144e-10,2.537766242525677e-09,2.1410731305440818e-09,426.0846946557046,-4.832480714691142,32.028507550521915,27.02194385705202,7.363170542076113e-05,6.64705007827741e-13,2.1736081837456716e-11,-2.9388196842063873e-12,1.1900102565940617e-10,21.993517916254124,1.4473191928371327,-0.19568430801128905,7.923804745129497,27.580377291056855,dgemm,dahu,8,8f40119f61a9d7274ce81dee660b80dc88b96a1156e48030123923857ca34da5,1,1606785230,exp_dgemm_uniform-product_7.csv,uniform product
1964866,0.0066909356420454535,7.259578130366086e-11,-2.866810917125786e-10,2.3031285195791335e-09,2.6546677693522192e-09,610.8666285361588,-5.2209894405021275,41.94420221092786,48.3463778829371,6.781395530482789e-05,4.146895333054461e-13,2.218158428192049e-11,-1.2466331276422624e-11,6.814011737942841e-11,16.232512322545638,1.879204212789315,-1.0561365660330682,5.772770511425962,25.627830856649613,dgemm,dahu,5,d3a7aed02231693c4a8c7a55178e02467a5585408fa6502caf08188b54ab1d9e,0,1606787162,exp_dgemm_uniform-product_4.csv,uniform product
1964866,0.006188204914772727,6.640935124308111e-11,-2.792260050631676e-10,2.2224359079655177e-09,2.5669234084724333e-09,571.7766101038089,-5.203214851825948,41.41380571247815,47.83313072663823,9.618807677602593e-05,4.739285305310289e-13,1.6185248056684298e-11,-1.626354813710811e-11,3.5955888661392184e-11,19.181762037313643,1.4177960210970093,-1.4246549547437262,3.149665405225321,27.931610834004044,dgemm,dahu,5,d3a7aed02231693c4a8c7a55178e02467a5585408fa6502caf08188b54ab1d9e,1,1606787162,exp_dgemm_uniform-product_4.csv,uniform product
1964866,0.006761207494318181,7.383620479423012e-11,-2.0035643148071543e-10,2.319852229230616e-09,2.701389083641438e-09,655.8619630681529,-3.8518122963962282,44.59869481770418,51.93366448394817,7.487497153735273e-05,3.553130325148484e-13,3.792424052108238e-11,4.2083866966580265e-12,7.468134483505979e-11,17.988332876536596,4.155424721129053,0.46112021955039223,8.182964306490316,25.183033890371963,dgemm,dahu,6,d3a7aed02231693c4a8c7a55178e02467a5585408fa6502caf08188b54ab1d9e,0,1606787162,exp_dgemm_uniform-product_4.csv,uniform product
1964866,0.006104750375000001,6.551170107189561e-11,-1.815901156754022e-10,2.2928243531683703e-09,2.5533749931084545e-09,508.004961935983,-3.0476145026481603,38.48031444195695,42.853118027671165,8.989529882399695e-05,5.275392560625795e-13,2.6654851886899213e-11,-4.3401049450416146e-11,3.1908733632487566e-11,18.517443124775063,2.0249824280133057,-3.29719943173367,2.4241224517065274,28.232651307330826,dgemm,dahu,6,d3a7aed02231693c4a8c7a55178e02467a5585408fa6502caf08188b54ab1d9e,1,1606787162,exp_dgemm_uniform-product_4.csv,uniform product
1964866,0.006448983590909091,7.024154994173261e-11,-2.3249348440313788e-10,2.3286132354925777e-09,2.440687900834697e-09,535.770806280269,-3.838084166498248,38.44156584424992,40.29173381613727,8.900001874237821e-05,5.10231703091787e-13,9.47076223455341e-12,-2.286746365868847e-11,8.245333723492134e-11,20.09992663564585,0.8074780295086369,-1.9496819831047987,7.029978857874357,26.49095459712002,dgemm,dahu,7,d3a7aed02231693c4a8c7a55178e02467a5585408fa6502caf08188b54ab1d9e,0,1606787162,exp_dgemm_uniform-product_4.csv,uniform product
1964866,0.006002967874999998,6.426745089047093e-11,-2.1890215100579026e-10,2.2695339205321888e-09,2.5987038375273337e-09,568.0226918091088,-4.187389780506862,43.41402357941554,49.710730761791744,8.70084995021058e-05,3.911194266351725e-13,2.539325880677335e-11,3.790593984333379e-11,3.7848924371827886e-11,22.80771849920686,3.2048642895252923,4.784080447854538,4.77688456764199,28.757943701267767,dgemm,dahu,7,d3a7aed02231693c4a8c7a55178e02467a5585408fa6502caf08188b54ab1d9e,1,1606787162,exp_dgemm_uniform-product_4.csv,uniform product
1964866,0.006655584000000001,7.223913667264692e-11,-2.608018019010876e-10,2.3704847037280196e-09,2.6046384588812572e-09,575.7605681066478,-4.498820932590649,40.890768881888945,44.92991204520041,9.707266341497115e-05,4.624598692763511e-13,3.196297691529102e-11,-1.2327354192654057e-11,8.584848806428453e-11,17.206579263864676,2.573869105086724,-0.9926796301865888,6.913084839771609,25.73956907162976,dgemm,dahu,8,d3a7aed02231693c4a8c7a55178e02467a5585408fa6502caf08188b54ab1d9e,0,1606787162,exp_dgemm_uniform-product_4.csv,uniform product
1964866,0.0062948578750000005,6.76701894815625e-11,-2.297692724642412e-10,2.4191498815756105e-09,2.5030102905463853e-09,493.6254533638449,-3.6275286456825886,38.1928157734011,39.51677886262352,9.925303873173572e-05,5.841039830409844e-13,2.5267096947728727e-11,-2.3650755637068232e-11,4.9950612335356046e-11,22.39792793457506,2.0969678419899482,-1.9628243843087279,4.145503061615616,27.374037197875776,dgemm,dahu,8,d3a7aed02231693c4a8c7a55178e02467a5585408fa6502caf08188b54ab1d9e,1,1606787162,exp_dgemm_uniform-product_4.csv,uniform product
1964867,0.0033716758124999998,7.289111754886177e-11,-5.656749010442498e-10,2.4136873268471515e-09,2.492587540153698e-09,575.2842714876416,-9.327104062640228,39.797970230993556,41.098912695854864,5.22067520360357e-05,4.053278152267338e-13,4.004123350783591e-11,1.7804769792895837e-11,1.3603985442245363e-10,14.74541345754109,3.043196639456421,1.3531904702544266,10.339242614230008,25.857756431181524,dgemm,dahu,5,b4aa6979a3e0c4d934750e8e846d06b32d3973209241d4cfe8384f26650504ee,0,1606789157,exp_dgemm_uniform-product_1.csv,uniform product
1964867,0.0031474792249999994,6.664504798222887e-11,-4.983654994884492e-10,2.339073958742897e-09,2.3735514251317996e-09,538.9615071059955,-8.419956629510098,39.51899019102978,40.101491933200805,5.057975972244908e-05,4.0571007608419643e-13,2.2402615449015927e-11,3.265715703226033e-11,5.054672498512043e-11,15.474072864285294,1.7850878286462841,2.602191412388817,4.027670061748661,28.18760114530029,dgemm,dahu,5,b4aa6979a3e0c4d934750e8e846d06b32d3973209241d4cfe8384f26650504ee,1,1606789157,exp_dgemm_uniform-product_1.csv,uniform product
1964867,0.0033820940499999994,7.435123438707654e-11,-5.267590465737183e-10,2.4140958289554194e-09,2.5763863426585133e-09,635.3580256655622,-9.40403768983541,43.09797489010775,45.995288410385506,5.4780085406021584e-05,3.828011026146373e-13,6.936351875686308e-11,5.380936506554581e-11,1.1295397259646611e-10,14.905479872865323,5.6425565447947985,4.377263300123545,9.188535829170291,25.346516805435503,dgemm,dahu,6,b4aa6979a3e0c4d934750e8e846d06b32d3973209241d4cfe8384f26650504ee,0,1606789157,exp_dgemm_uniform-product_1.csv,uniform product
1964867,0.0031264845125000005,6.61049151781813e-11,-6.289968636785736e-10,2.378070417264289e-09,2.1657293687030416e-09,442.38075886481374,-8.793929467186793,33.24751636299453,30.278801712947697,4.9300037517114746e-05,5.20951779380097e-13,5.1587890101721844e-12,1.1814119035394324e-11,2.965356453627591e-11,13.500813700482382,0.27930724796093925,0.6396402466455586,1.6055038278417373,28.51016667796621,dgemm,dahu,6,b4aa6979a3e0c4d934750e8e846d06b32d3973209241d4cfe8384f26650504ee,1,1606789157,exp_dgemm_uniform-product_1.csv,uniform product
1964867,0.0032721727625,7.046581924314541e-11,-5.785587558632649e-10,2.4994536959022453e-09,2.1792774993025114e-09,528.8608865179496,-9.07156955511214,39.19043281667665,34.17019829786456,4.600304297777989e-05,5.193601977052766e-13,3.4855180935737346e-11,4.771177310492232e-11,1.582318354054682e-10,17.035076203382644,2.3884424413475243,3.2694371618911533,10.842796425344137,26.779724924311,dgemm,dahu,7,b4aa6979a3e0c4d934750e8e846d06b32d3973209241d4cfe8384f26650504ee,0,1606789157,exp_dgemm_uniform-product_1.csv,uniform product
1964867,0.0030675627125,6.457181333905643e-11,-4.484614448898419e-10,2.2550843278596893e-09,2.37564361484502e-09,610.8689548666546,-8.863437864902851,44.5697173031458,46.95246338178351,5.8767751740602874e-05,3.3372429056205447e-13,4.1080984821323096e-11,4.147405645082111e-11,7.396158454603353e-11,17.197330733386202,4.422685854838598,4.465003056903744,7.962536808596798,29.0616441792288,dgemm,dahu,7,b4aa6979a3e0c4d934750e8e846d06b32d3973209241d4cfe8384f26650504ee,1,1606789157,exp_dgemm_uniform-product_1.csv,uniform product
1964867,0.0033482185250000005,7.284359342919662e-11,-6.199048943666223e-10,2.4560200046989934e-09,2.2812599615028497e-09,531.5337897133852,-9.450104315614771,37.44065494007146,34.7765355672243,4.544953576533893e-05,4.222956767137589e-13,5.473017620832747e-11,3.310538170640329e-11,1.116852423703736e-10,12.994869341010027,3.518472405342735,2.1282659781496376,7.179977675722951,25.93924404471358,dgemm,dahu,8,b4aa6979a3e0c4d934750e8e846d06b32d3973209241d4cfe8384f26650504ee,0,1606789157,exp_dgemm_uniform-product_1.csv,uniform product
1964867,0.0031927257875000005,6.802429756136132e-11,-6.186498168141864e-10,2.5204363505267103e-09,2.1047050798984804e-09,452.4421310516869,-8.596385504741194,35.02246653990079,29.245715021408795,4.6064056044902726e-05,5.403862350294124e-13,2.943837786900398e-11,3.8203500293369827e-11,9.607159897666116e-11,16.246855759057755,1.849059743233397,2.3996075720413135,6.0343721018286285,27.723194460918467,dgemm,dahu,8,b4aa6979a3e0c4d934750e8e846d06b32d3973209241d4cfe8384f26650504ee,1,1606789157,exp_dgemm_uniform-product_1.csv,uniform product
1964868,0.005135023487499999,7.274184103779114e-11,-5.210019436902975e-10,2.331418442342506e-09,2.2920271211503402e-09,511.28314702437143,-8.022816573016424,35.901099303729765,35.29451933158022,5.8476917369379083e-05,4.918942991544652e-13,2.249021487218703e-11,-1.7105162492037484e-11,9.371035495052329e-11,18.777164202924528,1.8808845964453853,-1.4305259791339673,7.837113347095772,25.827600519202726,dgemm,dahu,5,6d14dc8bdd5a7735657ab3f0f5f0b717b3cf998ca3942449854a7c30a24b54ae,0,1606791139,exp_dgemm_uniform-product_3.csv,uniform product
1964868,0.0048005592125000005,6.641283668133545e-11,-5.344070524513804e-10,2.3123527766315648e-09,2.2309709863934705e-09,460.6569493635406,-8.120973768474789,35.13905019843133,33.90235360035414,5.974270584991049e-05,4.214018970230533e-13,1.1876070131240032e-11,4.6611802956684165e-12,5.456261405876339e-11,16.621503392378848,1.0262588139376967,0.402791269243116,4.714974143002984,28.186646967151756,dgemm,dahu,5,6d14dc8bdd5a7735657ab3f0f5f0b717b3cf998ca3942449854a7c30a24b54ae,1,1606791139,exp_dgemm_uniform-product_3.csv,uniform product
1964868,0.0052083074125,7.415243488910622e-11,-5.05927350727002e-10,2.3294563079740563e-09,2.3001554253198073e-09,509.92150552857146,-7.62213086051393,35.094803211792964,34.65336599437761,6.627987176794422e-05,3.7928125709120784e-13,2.3673854245133542e-11,1.9821767448929228e-12,8.442395494154976e-11,14.418625961044656,1.971704346101949,0.16508788396595722,7.031346782393345,25.358304231064842,dgemm,dahu,6,6d14dc8bdd5a7735657ab3f0f5f0b717b3cf998ca3942449854a7c30a24b54ae,0,1606791139,exp_dgemm_uniform-product_3.csv,uniform product
1964868,0.004740718225000001,6.570177719839402e-11,-5.33992158108977e-10,2.3421110336073997e-09,2.100878526407327e-09,436.8932337425216,-7.779351789692382,34.120549120936055,30.606204372382862,7.225824742642139e-05,6.091775765639702e-13,6.978713417060565e-11,-3.43013350556744e-11,3.8086718899146954e-11,18.750355532688786,4.705993171081918,-2.313060286103387,2.5683221008922925,28.51615539503952,dgemm,dahu,6,6d14dc8bdd5a7735657ab3f0f5f0b717b3cf998ca3942449854a7c30a24b54ae,1,1606791139,exp_dgemm_uniform-product_3.csv,uniform product
1964868,0.00501511145,7.034217752462141e-11,-5.202855977962994e-10,2.4304218941669835e-09,2.1042998188595556e-09,439.5651563101638,-7.1229449092760575,33.273573844393894,28.80881528495543,5.639627519007975e-05,5.00246691586774e-13,8.069158291470222e-12,4.704412468589631e-13,7.456275116401127e-11,17.35018424712142,0.6131382800610421,0.03574666979501293,5.665681023217544,26.694090579533857,dgemm,dahu,7,6d14dc8bdd5a7735657ab3f0f5f0b717b3cf998ca3942449854a7c30a24b54ae,0,1606791139,exp_dgemm_uniform-product_3.csv,uniform product
1964868,0.00466793365,6.4110787138534e-11,-4.268709124069215e-10,2.1557329046924555e-09,2.4225026134802596e-09,535.911237613856,-7.817513636360061,39.47908112023915,44.36457642011202,6.542537296418648e-05,3.5292423719602677e-13,2.251301349056258e-11,1.7075122150037712e-11,2.4185579126579853e-11,17.93233644656964,2.506105534796702,1.9007698878463177,2.692292337353844,29.085914572113182,dgemm,dahu,7,6d14dc8bdd5a7735657ab3f0f5f0b717b3cf998ca3942449854a7c30a24b54ae,1,1606791139,exp_dgemm_uniform-product_3.csv,uniform product
1964868,0.0051433276875,7.250637611368901e-11,-5.310465552818674e-10,2.3741474230471603e-09,2.2351113364582475e-09,456.00135766865907,-7.31699675629441,32.712064169553535,30.796362835159282,5.814172035374902e-05,4.538031093804148e-13,2.438550633077587e-11,-9.36363378852931e-12,7.575860181385684e-11,15.4121922212253,1.8144251515140206,-0.6967094480229127,5.63688572671208,25.91753664365678,dgemm,dahu,8,6d14dc8bdd5a7735657ab3f0f5f0b717b3cf998ca3942449854a7c30a24b54ae,0,1606791139,exp_dgemm_uniform-product_3.csv,uniform product
1964868,0.0048403602749999995,6.76912964429714e-11,-5.619504210304504e-10,2.482763686325858e-09,2.000565043031298e-09,401.83939146254363,-7.30849588473194,32.289802632412645,26.018525544161026,5.4809583297890684e-05,5.519298533634379e-13,2.720710917198872e-11,-2.5534611631881248e-12,2.509873860468423e-11,15.943504698516058,1.7218393881791823,-0.16159930770924194,1.588408252048037,27.720278094812503,dgemm,dahu,8,6d14dc8bdd5a7735657ab3f0f5f0b717b3cf998ca3942449854a7c30a24b54ae,1,1606791139,exp_dgemm_uniform-product_3.csv,uniform product
1964869,0.0,7.148433952209893e-11,2.8666316533386515e-10,2.379472790797795e-09,3.3730967819610227e-09,581.5966535112208,6.974564850971942,54.09825699734056,81.10539318127867,0.0,6.419637619300058e-13,3.5822560556472344e-11,3.114540550939903e-11,7.399383417894558e-11,23.533279000731607,3.927017082704774,3.1904905280308387,8.016363536443798,25.112180095277306,dgemm,dahu,5,c230b17370d6756d8a722396cd42ecfc5a79381ec4365d251a665b86fa8eb6d2,0,1606793128,exp_dgemm_independent-sizes_2.csv,independent sizes
1964869,0.0,6.527827397413107e-11,2.826831460124905e-10,2.3194188109902792e-09,3.123758620436033e-09,524.7669702966946,6.7956652862868845,52.1036975275424,74.21389724683216,0.0,5.663138681389311e-13,4.90964134716488e-11,4.9218567629320567e-11,5.075456918426517e-11,19.72978190416907,5.115040656523147,4.7916556243074675,5.225768599549023,27.39847203547655,dgemm,dahu,5,c230b17370d6756d8a722396cd42ecfc5a79381ec4365d251a665b86fa8eb6d2,1,1606793128,exp_dgemm_independent-sizes_2.csv,independent sizes
1964869,0.0,7.30449386099542e-11,2.855658265754671e-10,2.3977069711480638e-09,3.3240573156231333e-09,612.8468200788307,7.164770401944621,56.21464263758312,82.42145060944785,0.0,5.049392659799479e-13,3.582121137518451e-11,5.891657379280373e-11,6.872593271999854e-11,18.57527621956341,3.9406751867110397,6.056547936700008,7.471825496540425,24.64438144005426,dgemm,dahu,6,c230b17370d6756d8a722396cd42ecfc5a79381ec4365d251a665b86fa8eb6d2,0,1606793128,exp_dgemm_independent-sizes_2.csv,independent sizes
1964869,0.0,6.448240764300515e-11,2.4688683323877875e-10,2.3048078992229107e-09,3.107866339810591e-09,483.9026243450737,5.540499199269108,48.33291693502233,68.92694136594541,0.0,7.424517842871183e-13,2.4593486902979368e-11,4.3284676436060955e-11,2.4902445267776593e-11,22.542250203599334,2.232972390496639,3.6724401397284634,2.234503022539776,27.739258123285325,dgemm,dahu,6,c230b17370d6756d8a722396cd42ecfc5a79381ec4365d251a665b86fa8eb6d2,1,1606793128,exp_dgemm_independent-sizes_2.csv,independent sizes
1964869,0.0,6.888098388304423e-11,2.6350545020741466e-10,2.3736415558198684e-09,3.2695283352682358e-09,532.3466800106139,6.090024574440311,51.2627481180233,74.6775833457149,0.0,7.198347711620644e-13,3.203049472361626e-11,3.083662563125478e-11,2.7489812929523655e-11,23.295572760371385,3.099834110143631,2.788681782282718,2.629191973150419,26.02825293177365,dgemm,dahu,7,c230b17370d6756d8a722396cd42ecfc5a79381ec4365d251a665b86fa8eb6d2,0,1606793128,exp_dgemm_independent-sizes_2.csv,independent sizes
1964869,0.0,6.308969970615713e-11,2.946226594431921e-10,2.211896000472711e-09,3.316245820751518e-09,604.8708989126893,8.447041160227336,59.25983982368009,93.96386833235779,0.0,4.778528511731098e-13,2.7180089236203818e-11,4.4479453441581864e-11,3.939430240065008e-11,24.134464595434654,4.105145930190671,6.277611986080969,5.880128854825607,28.187974611352388,dgemm,dahu,7,c230b17370d6756d8a722396cd42ecfc5a79381ec4365d251a665b86fa8eb6d2,1,1606793128,exp_dgemm_independent-sizes_2.csv,independent sizes
1964869,0.0,7.132775935669594e-11,2.888789581192704e-10,2.4274315780161675e-09,3.2733364365339226e-09,555.3160691579778,6.725611902412843,52.81048988542747,75.31513270655542,0.0,7.293637984408663e-13,3.2458861224785244e-11,4.8135484261923024e-11,6.005907717894207e-11,23.7601667007999,3.162079565156439,4.381896998360512,5.782210211026573,25.189071856285832,dgemm,dahu,8,c230b17370d6756d8a722396cd42ecfc5a79381ec4365d251a665b86fa8eb6d2,0,1606793128,exp_dgemm_independent-sizes_2.csv,independent sizes
1964869,0.0,6.648420728010631e-11,2.5113379906503353e-10,2.424478293024318e-09,3.0704522780625702e-09,473.8818897755867,5.352923269229181,48.29047270083601,64.67909139208311,0.0,8.192910800440271e-13,2.5254567804295808e-11,6.344688447079822e-11,6.21985610834324e-11,25.184347284834132,2.321489096579603,5.4499725357781585,5.650446306155788,26.955090714712902,dgemm,dahu,8,c230b17370d6756d8a722396cd42ecfc5a79381ec4365d251a665b86fa8eb6d2,1,1606793128,exp_dgemm_independent-sizes_2.csv,independent sizes
1964870,0.0009399168125,7.031384738539148e-11,1.7079150485918312e-10,2.4731484678250596e-09,3.469788646291552e-09,494.8300147435921,3.4200469273222236,54.751963748108516,90.92978687199651,2.5106643851694575e-05,7.738263392149e-13,2.65202270045176e-11,2.280208950216793e-11,6.787850697352826e-11,24.40754469672327,2.380172591706418,2.2625051183584626,7.972615974040535,24.931139536567983,dgemm,dahu,5,485969a4bdb848ca71f141c18924c121c57827eb396a2de568206d35ab3aba29,0,1606795061,exp_dgemm_independent-sizes_8.csv,independent sizes
1964870,0.0009179660000000001,6.487952323563368e-11,1.3648127285691381e-10,2.4054927866365157e-09,3.3050718949305788e-09,489.67984964773035,2.931084068372617,57.11405314043598,92.89096474031676,3.53270364999198e-05,6.972476342329773e-13,2.6080076042898295e-11,1.5791331799557414e-11,4.5017598247255374e-11,23.970418173701947,2.551220770003424,1.7078182847572574,5.76313590545757,26.896099177653593,dgemm,dahu,5,485969a4bdb848ca71f141c18924c121c57827eb396a2de568206d35ab3aba29,1,1606795061,exp_dgemm_independent-sizes_8.csv,independent sizes
1964870,0.0009606506250000002,7.184559957396618e-11,2.1354168744396874e-10,2.4592395169800287e-09,3.486264558774512e-09,557.2356916271578,4.712724475815295,60.00313202083363,100.69016954582683,3.007708693313455e-05,6.22628993342849e-13,1.7696163703448907e-11,2.2194427908185072e-11,7.136754527279755e-11,21.110252111082985,1.707237078518511,2.36724045322515,9.010581473914087,24.449407680342592,dgemm,dahu,6,485969a4bdb848ca71f141c18924c121c57827eb396a2de568206d35ab3aba29,0,1606795061,exp_dgemm_independent-sizes_8.csv,independent sizes
1964870,0.000895085875,6.388335556418616e-11,1.474833465080215e-10,2.3292779040853638e-09,3.313670142440058e-09,482.848960160607,3.1718832344049552,55.38335061637625,93.26545945334816,2.884088803273343e-05,6.980640927525249e-13,1.9422108186661543e-11,4.4018994961890447e-11,2.760722733777861e-11,23.07363454411397,1.8267020108093075,4.577150284097868,3.3980634271293995,27.297831590264202,dgemm,dahu,6,485969a4bdb848ca71f141c18924c121c57827eb396a2de568206d35ab3aba29,1,1606795061,exp_dgemm_independent-sizes_8.csv,independent sizes
1964870,0.0009353430000000002,6.80619645639152e-11,1.7858521205301737e-10,2.4332158222632414e-09,3.396048033861227e-09,507.53674701619985,3.789301244123976,57.07921374043723,94.30284921758673,2.4361438753352256e-05,8.18423376712694e-13,1.9820424010420057e-11,3.510345139040416e-11,5.958477448610803e-11,31.33586961514082,2.159371147109124,4.228125634876981,8.495462060858701,25.715351233369837,dgemm,dahu,7,485969a4bdb848ca71f141c18924c121c57827eb396a2de568206d35ab3aba29,0,1606795061,exp_dgemm_independent-sizes_8.csv,independent sizes
1964870,0.0009176349375000001,6.273190003073437e-11,1.757390331489892e-10,2.2593035497521706e-09,3.32617898971111e-09,570.1416898985285,4.5447836836460604,64.59565118073715,112.5713700866124,2.6409558162323826e-05,4.5150237532501393e-13,1.157739870404412e-11,6.745438470109529e-11,4.453018277949037e-11,23.03562032170605,1.6807436904315485,10.826408168960944,8.460233099055145,27.752611365095085,dgemm,dahu,7,485969a4bdb848ca71f141c18924c121c57827eb396a2de568206d35ab3aba29,1,1606795061,exp_dgemm_independent-sizes_8.csv,independent sizes
1964870,0.0009613708124999998,7.021249914040004e-11,1.6492280663639204e-10,2.5411461069964624e-09,3.3791024916409437e-09,461.6537824046498,3.085555133871901,52.56128108435232,82.7353884153116,1.5454278411791524e-05,8.469280699954447e-13,3.048995996091501e-11,3.374452303760594e-11,7.048870930041127e-11,24.57681531105981,2.517599016644761,3.0804680719505964,7.617046663163949,24.980831745143533,dgemm,dahu,8,485969a4bdb848ca71f141c18924c121c57827eb396a2de568206d35ab3aba29,0,1606795061,exp_dgemm_independent-sizes_8.csv,independent sizes
1964870,0.0009319185000000001,6.556771935692732e-11,1.64516127528149e-10,2.4322915859391333e-09,3.3305813073493276e-09,466.10338428261986,3.32775453617814,54.392892575181335,88.16580914828997,3.0584260374687296e-05,8.592640064473017e-13,1.5610666901570815e-11,1.6721581313675392e-11,2.930794517124e-11,27.201291071873975,1.4061607842424593,1.6652313627393784,3.454906089471252,26.608484626702765,dgemm,dahu,8,485969a4bdb848ca71f141c18924c121c57827eb396a2de568206d35ab3aba29,1,1606795061,exp_dgemm_independent-sizes_8.csv,independent sizes
1964871,0.000496138875,7.182483871726799e-11,2.5990619488251294e-10,2.52570410500164e-09,3.3332484809423946e-09,550.8501254680071,6.249170501398965,64.1443013196169,82.10113523998525,1.0594469952920421e-05,6.448603980407901e-13,4.174046809886069e-11,4.011126937810936e-11,1.1667270725014295e-10,25.323688499672514,5.138845025254438,5.2160828087849955,14.714760918790356,24.745307639423217,dgemm,dahu,5,70c9368a447704a813f58da8173af5a1b6e499fc5452739cdf8c87a87ba4dffa,0,1606796919,exp_dgemm_independent-sizes_6.csv,independent sizes
1964871,0.00048857575,6.557300029874415e-11,2.274710141932093e-10,2.379202674592821e-09,3.3151334437687585e-09,531.6265058475462,5.781687099361253,63.87484005554351,86.31877422278423,1.9752676782316492e-05,6.431457722006719e-13,3.160266559813573e-11,2.452778223676655e-11,5.858918802669583e-11,28.707496622177946,4.422385208391343,3.6254423264494338,8.398970614058912,26.920223588987923,dgemm,dahu,5,70c9368a447704a813f58da8173af5a1b6e499fc5452739cdf8c87a87ba4dffa,1,1606796919,exp_dgemm_independent-sizes_6.csv,independent sizes
1964871,0.0004922104375000001,7.32088664403138e-11,2.512499087621673e-10,2.5049740368988524e-09,3.3802276489285824e-09,571.2332331586013,6.146142793322307,64.72466751036167,84.70682671435202,1.8194838513412695e-05,5.811114044142107e-13,2.5346963853890546e-11,3.96328310358021e-11,1.0073788403150995e-10,25.614230903422303,3.502634466214566,5.784873054567682,14.260587745421983,24.322069978090546,dgemm,dahu,6,70c9368a447704a813f58da8173af5a1b6e499fc5452739cdf8c87a87ba4dffa,0,1606796919,exp_dgemm_independent-sizes_6.csv,independent sizes
1964871,0.0004850921875,6.466793449935903e-11,2.0838182464412852e-10,2.3897115521795408e-09,3.1527705830743637e-09,469.688541090099,4.744907619669962,57.47556826467619,73.542099495823,1.823663131253044e-05,6.840589218501243e-13,3.6712632969062905e-11,5.430255472785149e-11,5.0088564777831033e-11,22.647531473592164,3.810569109978528,5.953391430310775,5.325846280127605,27.350542806334307,dgemm,dahu,6,70c9368a447704a813f58da8173af5a1b6e499fc5452739cdf8c87a87ba4dffa,1,1606796919,exp_dgemm_independent-sizes_6.csv,independent sizes
1964871,0.00050151425,6.921176993150996e-11,2.2884014169107544e-10,2.460939351862924e-09,3.3656297396453188e-09,511.3328148137402,5.300329475798444,60.206230321021806,79.85695106097714,1.3945060714580395e-05,7.763035169531896e-13,2.8369314194336068e-11,3.221240811163007e-11,4.8342077185982567e-11,34.15906427618915,3.913543799952804,4.69369018866824,6.831599506038655,25.59685730205554,dgemm,dahu,7,70c9368a447704a813f58da8173af5a1b6e499fc5452739cdf8c87a87ba4dffa,0,1606796919,exp_dgemm_independent-sizes_6.csv,independent sizes
1964871,0.000484390125,6.323464796950668e-11,2.4045201746999596e-10,2.3081942946079754e-09,3.2763190076312323e-09,546.6103075540063,6.516255236157822,66.07115377030497,90.95604596379692,8.17860345759998e-06,4.2516322768295726e-13,3.711062970299411e-11,4.638353179011656e-11,6.833133528637732e-11,20.418327690756794,5.58739979410329,7.376410950483724,10.53918579574503,27.851567394222858,dgemm,dahu,7,70c9368a447704a813f58da8173af5a1b6e499fc5452739cdf8c87a87ba4dffa,1,1606796919,exp_dgemm_independent-sizes_6.csv,independent sizes
1964871,0.000498205125,7.137060163807261e-11,2.3724257273379746e-10,2.5354237192605385e-09,3.3299076531258045e-09,487.7426743831913,5.082893056059809,57.377122205816825,73.08466594973932,1.3322135513873112e-05,6.458017654619445e-13,3.8707319389693845e-11,3.535229937116341e-11,6.014858672227346e-11,22.574146151160143,4.241819168355378,4.092103282039395,6.752431872561437,24.888421498140843,dgemm,dahu,8,70c9368a447704a813f58da8173af5a1b6e499fc5452739cdf8c87a87ba4dffa,0,1606796919,exp_dgemm_independent-sizes_6.csv,independent sizes
1964871,0.0004989055,6.652250464005808e-11,2.101713162175111e-10,2.4476878720036466e-09,3.2608606670300474e-09,442.55490782077305,4.383479326348544,53.92267399932699,69.67123201109167,1.169488888361065e-05,7.823504953608099e-13,3.147452193810396e-11,3.7724085784476133e-11,4.553998761390378e-11,28.591540041317764,3.606137473304003,4.565325276786113,5.345050024028862,26.582050521220506,dgemm,dahu,8,70c9368a447704a813f58da8173af5a1b6e499fc5452739cdf8c87a87ba4dffa,1,1606796919,exp_dgemm_independent-sizes_6.csv,independent sizes
1964872,0.025487645539772726,6.94186470702454e-11,-1.3531133597767966e-10,2.244961007990921e-09,2.7314566096932843e-09,406.64526905399225,-1.8804178474022015,31.198160269768664,37.95897602488544,0.00028633794393482983,3.9026786520200616e-13,3.717207622134421e-13,8.29235741070872e-12,1.1603335499950223e-10,17.24605733473758,0.038969466074763634,0.8693319654038488,12.164394219652742,25.58766980560037,dgemm,dahu,5,53b243ae45bc3e60b85210a4155d901f8cca46fd53a0fdb2d3864e2ca7a9eb44,0,1606798856,exp_dgemm_uniform-product_2.csv,uniform product
1964872,0.023598448721590906,6.324271819164098e-11,-4.8875264092190723e-11,2.167566349893464e-09,2.8016804140269846e-09,405.3873012222316,-0.7432404426215957,32.961928763550226,42.60482740467451,0.0002785590204417571,4.3656868273127204e-13,-2.620907422235099e-12,-3.9046719914257847e-13,6.770125712538443e-11,23.55203585754271,-0.3354348332463625,-0.04997364604388392,8.664693648376176,27.865122888618398,dgemm,dahu,5,53b243ae45bc3e60b85210a4155d901f8cca46fd53a0fdb2d3864e2ca7a9eb44,1,1606798856,exp_dgemm_uniform-product_2.csv,uniform product
1964872,0.02591193838068181,7.052577412195397e-11,-1.068193362513873e-10,2.2693256161650695e-09,2.870632528850978e-09,417.9076635227838,-1.5016300552444768,31.901411017477685,40.35437996675534,0.00029396774516958783,3.894069584152093e-13,1.1369917455407239e-11,1.724032762312146e-11,1.0248981508232399e-10,18.545480949226306,1.2846129870542236,1.9478724320200667,11.57965728528005,25.150040162519755,dgemm,dahu,6,53b243ae45bc3e60b85210a4155d901f8cca46fd53a0fdb2d3864e2ca7a9eb44,0,1606798856,exp_dgemm_uniform-product_2.csv,uniform product
1964872,0.023301290198863636,6.263775971076304e-11,-1.3718596118891482e-10,2.207911792506952e-09,2.7460842573120762e-09,384.9883072374119,-2.000329764393245,32.19390408049548,40.0410802084093,0.0003530852940628651,5.686955595422221e-13,-8.181825593234947e-12,-1.736318548861455e-11,4.691903056059759e-11,25.71447582907428,-0.8776647584352688,-1.862549601415594,5.033006283711599,28.15885273550237,dgemm,dahu,6,53b243ae45bc3e60b85210a4155d901f8cca46fd53a0fdb2d3864e2ca7a9eb44,1,1606798856,exp_dgemm_uniform-product_2.csv,uniform product
1964872,0.024702112670454548,6.710457028235144e-11,-9.444941504111111e-11,2.2543136678885142e-09,2.6684663741152994e-09,383.80004781009274,-1.2815418738007425,30.58777400392553,36.20722686074312,0.0003594680947626912,5.302276539276379e-13,4.700244669401673e-12,1.2611793459771583e-11,7.979632183748823e-11,20.34228908493734,0.4277977701482462,1.1478758020372002,7.262747143853421,26.41724568596773,dgemm,dahu,7,53b243ae45bc3e60b85210a4155d901f8cca46fd53a0fdb2d3864e2ca7a9eb44,0,1606798856,exp_dgemm_uniform-product_2.csv,uniform product
1964872,0.022834305085227272,6.11611406062569e-11,-3.526805496273308e-11,2.111338916713863e-09,2.8260316613331727e-09,418.81889007369574,-0.572944821051254,34.29961473898728,45.910107778799855,0.00023723198430824715,3.190945868515379e-13,1.1186169901022393e-13,1.7116309460124693e-11,3.964356263940281e-11,24.273180072880894,0.020186882536201774,3.0888582203032353,7.154190839216896,28.751412395282493,dgemm,dahu,7,53b243ae45bc3e60b85210a4155d901f8cca46fd53a0fdb2d3864e2ca7a9eb44,1,1606798856,exp_dgemm_uniform-product_2.csv,uniform product
1964872,0.025522416051136365,6.925370664598649e-11,-8.857821707817233e-11,2.270718390870782e-09,2.80742503913452e-09,402.35877611912423,-1.2208940962297323,31.297837877768423,38.695390006122516,0.00028655828271846487,3.9468706750373026e-13,-4.585670848286775e-12,6.498960797431279e-12,1.0828342528061066e-10,17.556231879383606,-0.48390698860970144,0.6858086096066879,11.426704614758913,25.59096958510194,dgemm,dahu,8,53b243ae45bc3e60b85210a4155d901f8cca46fd53a0fdb2d3864e2ca7a9eb44,0,1606798856,exp_dgemm_uniform-product_2.csv,uniform product
1964872,0.023924994090909087,6.43551862609314e-11,-5.7365466745979586e-11,2.276640401029493e-09,2.716694804753984e-09,374.0529449171254,-0.7910076103656365,31.39240357364328,37.46027684420077,0.0003375051719158025,5.254523551581166e-13,-1.3690177648233015e-11,1.223422117379537e-11,6.21223194165765e-11,24.326275489843585,-1.503598781895968,1.3436903835019893,6.822924157990941,27.413285478677274,dgemm,dahu,8,53b243ae45bc3e60b85210a4155d901f8cca46fd53a0fdb2d3864e2ca7a9eb44,1,1606798856,exp_dgemm_uniform-product_2.csv,uniform product
1964873,0.000139513625,7.128354570469733e-11,3.4896344292808994e-10,2.469120759661908e-09,3.3848160080816243e-09,570.6913518822766,10.237406288221639,72.59223103547686,79.3579952124752,1.3973572122045248e-05,7.526846032796165e-13,1.6923898230420025e-11,2.0174602531234635e-11,9.014845750197998e-11,32.58028499489554,2.684356919529128,3.2068795594451553,11.427303727009956,24.764064825085004,dgemm,dahu,5,d21f08ab3235de32d4d670443aaa0a849ce9ad6c218faa523d956aa5a3b2d4c6,0,1606800901,exp_dgemm_independent-sizes_1.csv,independent sizes
1964873,0.0001285965,6.497564892087899e-11,3.320538530228648e-10,2.3829444647436977e-09,3.254586227112464e-09,499.6962342632376,9.35754627795303,67.298469510992,73.29846118451081,1.1593865188107024e-05,6.749573262727329e-13,2.1773827934025922e-11,2.6880303068964674e-11,7.37755102866921e-11,26.471293077231806,3.129187853905457,3.871406876920007,8.473341043615086,26.990628477036886,dgemm,dahu,5,d21f08ab3235de32d4d670443aaa0a849ce9ad6c218faa523d956aa5a3b2d4c6,1,1606800901,exp_dgemm_independent-sizes_1.csv,independent sizes
1964873,0.00013630181249999997,7.262669908356944e-11,3.716306090086884e-10,2.50068376080128e-09,3.3785475751289146e-09,581.1134374010841,10.896175707532572,73.47831722115731,79.16592217006283,9.190778234866734e-06,5.937786062194637e-13,1.5308621020127365e-11,3.68936692061881e-11,8.155494624251818e-11,22.080237807437573,2.0859950855414686,5.038100953010481,8.881230266208497,24.340500358567688,dgemm,dahu,6,d21f08ab3235de32d4d670443aaa0a849ce9ad6c218faa523d956aa5a3b2d4c6,0,1606800901,exp_dgemm_independent-sizes_1.csv,independent sizes
1964873,0.0001265359375,6.414070232111906e-11,3.138501159973771e-10,2.4026297460027534e-09,3.1752913796239575e-09,451.78195318537007,8.100567957079061,62.14666570453533,65.4971459535467,1.3794793508029277e-05,7.290466495415399e-13,1.6691856370912942e-11,4.4632870202333445e-11,4.9531593675608016e-11,21.943326406022322,1.8409830607331736,4.933302840267939,4.365892825615623,27.347264050922725,dgemm,dahu,6,d21f08ab3235de32d4d670443aaa0a849ce9ad6c218faa523d956aa5a3b2d4c6,1,1606800901,exp_dgemm_independent-sizes_1.csv,independent sizes
1964873,0.00013023025,6.910153424009085e-11,3.4495665358896636e-10,2.4530374672874197e-09,3.2078413895320843e-09,515.4891176877553,9.429623355349506,67.20039234311241,70.07906875238464,9.73877152759354e-06,8.448620051962147e-13,4.5128831906019766e-11,3.8280443526488117e-11,9.814705325218646e-11,31.1914466075155,6.105227315270181,5.189942114180231,10.611349682903773,25.55294673614217,dgemm,dahu,7,d21f08ab3235de32d4d670443aaa0a849ce9ad6c218faa523d956aa5a3b2d4c6,0,1606800901,exp_dgemm_independent-sizes_1.csv,independent sizes
1964873,0.0001276903125,6.30513757865758e-11,3.404042344154727e-10,2.3270335142322635e-09,3.2782364333884147e-09,518.9315259154299,10.26616997704082,70.33215780767722,79.01315158588665,1.6880506440739078e-05,5.602501479767113e-13,2.3396316772894343e-11,5.2400632545051754e-11,4.442975648116319e-11,24.04133170236863,3.6789343842366287,8.25750576745896,5.583340285886162,27.73934691374421,dgemm,dahu,7,d21f08ab3235de32d4d670443aaa0a849ce9ad6c218faa523d956aa5a3b2d4c6,1,1606800901,exp_dgemm_independent-sizes_1.csv,independent sizes
1964873,0.000140556625,7.112766820623731e-11,3.5511432906431147e-10,2.499499560140739e-09,3.355406108361863e-09,519.0116682322097,9.49521396382614,66.97726827150483,71.70133882739971,1.3764006116800918e-05,7.203705816234629e-13,2.2161657350653253e-11,3.18950387098996e-11,8.798551987842812e-11,25.00569712899525,2.8189231887967363,4.065761948083202,8.944124302043717,24.805454971368547,dgemm,dahu,8,d21f08ab3235de32d4d670443aaa0a849ce9ad6c218faa523d956aa5a3b2d4c6,0,1606800901,exp_dgemm_independent-sizes_1.csv,independent sizes
1964873,0.0001344665625,6.62367206517885e-11,3.448842057665294e-10,2.439374261564292e-09,3.284937807758921e-09,475.7160718617576,9.076539794529346,64.33736266932652,69.09072932618714,1.501854232593274e-05,8.022962988092709e-13,1.302531771484102e-11,3.240690772657371e-11,4.4910749919712354e-11,28.04762545385635,1.668582346975453,4.160396464639997,4.59785468695576,26.48797956230744,dgemm,dahu,8,d21f08ab3235de32d4d670443aaa0a849ce9ad6c218faa523d956aa5a3b2d4c6,1,1606800901,exp_dgemm_independent-sizes_1.csv,independent sizes
